locus_id,gene_id,nsnps,PP0,PP1,PP2,PP3,PP4
locus_01,ENSG00000146374,2073,1.73160773894461e-291,0.179799296595757,5.10629250526137e-292,0.0522525934370274,0.767948109967203
locus_01,ENSG00000111912,235,5.51250189602176e-28,0.837635850699363,1.03404581550951e-29,0.0155657376141336,0.146798411686504
locus_01,ENSG00000118518,2073,7.0589095879897e-291,0.732952937382429,1.24733314184877e-291,0.129377587636111,0.137669474981419
locus_01,ENSG00000111911,631,5.12078427440347e-47,0.828744985017247,2.47924027995783e-48,0.0399926295531188,0.131262385429637
locus_01,ENSG00000135547,177,5.76201209923525e-28,0.870811768933014,8.81210158364402e-30,0.0132017254948747,0.115986505572113
locus_01,ENSG00000227945,1340,7.97440802391468e-291,0.827346448098266,7.93216108881675e-292,0.082205884334686,0.0904476675670046
locus_01,ENSG00000184530,2073,6.84922800027073e-291,0.711180915270811,2.01536546491717e-291,0.209183284910095,0.0796357998191054
locus_01,ENSG00000066651,680,5.39514711071583e-47,0.873170646344874,2.98058279698305e-48,0.0481601898314567,0.0786691638236623
locus_01,ENSG00000237742,180,6.01007356049812e-28,0.908472370228831,8.96403689632691e-30,0.0134718280125583,0.0780558017586079
locus_01,ENSG00000189367,2073,7.57894948388916e-291,0.786950621373748,1.30111823223316e-291,0.135021936413348,0.0780274422129175
locus_01,ENSG00000232131,299,5.57021339249907e-47,0.889483300312396,2.11776171127614e-48,0.033740845545386,0.0767758541422166
locus_01,ENSG00000152894,391,2.51249682878072e-09,0.902141865871264,7.37755431832762e-11,0.0264185465597264,0.0714395849827353
locus_01,ENSG00000289190,391,2.48800422626877e-09,0.893347505664692,1.19343846267012e-10,0.0427879627522644,0.0638645289756941
locus_01,ENSG00000093144,2073,7.70176492161812e-291,0.799703006811935,1.33674965776082e-291,0.138738148955917,0.0615588442321704
locus_01,ENSG00000172673,1513,7.26803631718702e-291,0.753962328781146,1.82437954618844e-291,0.189198330996804,0.0568393402220253
locus_01,ENSG00000203760,1266,2.0424877191304e-294,0.000211715339693158,9.64512739698538e-291,0.999771685384684,1.65992755991015e-05
locus_02,ENSG00000124587,1635,3.38514984440371e-173,0.61848604889401,7.12433554525147e-174,0.129914045484115,0.251599905621859
locus_02,ENSG00000236961,2593,3.51370681965099e-173,0.639819072734603,8.85072180721771e-174,0.160965643094333,0.199215284171075
locus_02,ENSG00000096080,2593,3.58173331792595e-173,0.65220617652034,9.27273749514873e-174,0.168670316995409,0.17912350648427
locus_02,ENSG00000124571,2593,4.12667377275766e-173,0.751435655359052,9.66216322343244e-174,0.175867887989759,0.0726964566511737
locus_02,ENSG00000112659,2314,4.02385835740071e-173,0.7343127268951,1.08812634986035e-173,0.198504674609855,0.0671825984950614
locus_02,ENSG00000112624,920,2.86827857854366e-08,0.867027703876551,2.38666769988641e-09,0.0720836733496786,0.0608885917043176
locus_02,ENSG00000112651,1937,4.44650071346742e-173,0.813394699075808,7.17427400630252e-174,0.131182978894671,0.0554223220295067
locus_02,ENSG00000112619,832,2.91505437149827e-08,0.879912123786321,2.16425761261247e-09,0.0652735216060213,0.054814323292856
locus_02,ENSG00000044090,1922,4.30155675955622e-173,0.786943215750222,8.69160984411351e-174,0.158953525446278,0.0541032588034799
locus_02,ENSG00000096384,2593,4.16821538791523e-173,0.759000064985196,1.04530425393423e-173,0.190291181679123,0.0507087533356667
locus_02,ENSG00000137161,1441,4.58538849354461e-173,0.843163574579352,5.85505010206262e-174,0.10761373717538,0.0492226882452434
locus_02,ENSG00000112655,1985,4.37533055184324e-173,0.799747418291613,8.30878085763155e-174,0.151824120625355,0.0484284610830252
locus_02,ENSG00000112667,2444,4.23900090384548e-173,0.772284802294889,9.90873903559648e-174,0.180475688904726,0.0472395088004124
locus_02,ENSG00000137171,1879,4.05929251261287e-173,0.742948287322812,1.14933059796483e-173,0.210308434791319,0.0467432778858707
locus_02,ENSG00000112640,1667,4.60205061709949e-173,0.841479065099592,6.33166335257602e-174,0.115730863931325,0.0427900709690683
locus_02,ENSG00000287825,1441,4.66055155096458e-173,0.856984595908243,5.49809122402882e-174,0.101057223630237,0.0419581804615335
locus_02,ENSG00000172432,2593,4.27867723714618e-173,0.779114320833814,9.87418135157135e-174,0.179760146475639,0.0411255326905414
locus_02,ENSG00000146215,2593,4.17465102014582e-173,0.760171944273249,1.09808299502908e-173,0.199912579061562,0.0399154766651742
locus_02,ENSG00000171611,1400,4.60602785175574e-173,0.847120835994756,6.2121693347902e-174,0.114212880811173,0.0386662831940697
locus_02,ENSG00000124733,1784,4.57719752646809e-173,0.836972694185923,6.92002539280677e-174,0.126500995029749,0.0365263107843255
locus_02,ENSG00000124496,299,3.10091419721143e-08,0.942269992405173,7.02956986803422e-10,0.021324239301972,0.0364057365807579
locus_02,ENSG00000171467,2593,4.29170421786588e-173,0.78148643414674,1.00034332026916e-173,0.182118454009712,0.0363951118435757
locus_02,ENSG00000024048,482,3.05971541883216e-08,0.926014622277325,1.27001554173987e-09,0.0384010937124847,0.0355842521430214
locus_02,ENSG00000271754,2593,4.27285087201361e-173,0.778053384413141,1.03540957784895e-173,0.188506705868759,0.0334399097181159
locus_02,ENSG00000157593,2593,4.29968138368421e-173,0.782939014882386,1.00919791657761e-173,0.183733876113298,0.0333271090042974
locus_02,ENSG00000231113,1481,4.68602023297265e-173,0.861738241628297,5.74782494714807e-174,0.105667345341623,0.0325944130300564
locus_02,ENSG00000124659,918,2.86866774186268e-08,0.867100576890321,3.32587906972828e-09,0.100497597479016,0.0324017936181056
locus_02,ENSG00000146223,1329,4.70060725514221e-173,0.865485401239665,5.56281225832172e-174,0.102391511521837,0.0321230872385092
locus_02,ENSG00000286417,1737,4.6177426209361e-173,0.837811180776006,7.17311889868085e-174,0.130112015400525,0.0320768038234967
locus_02,ENSG00000124702,1778,4.48683813206697e-173,0.820452205542627,8.07619518767532e-174,0.147647422105653,0.0319003723516922
locus_02,ENSG00000124541,1801,4.55056832316501e-173,0.832155376110677,7.45724941939343e-174,0.13633805773105,0.031506566158245
locus_02,ENSG00000272223,1849,4.37200239049276e-173,0.800117472261981,9.2031993410735e-174,0.168395699064823,0.0314868286732225
locus_02,ENSG00000124574,2593,4.31932872903727e-173,0.786516645837589,1.0078040257458e-173,0.183483386420862,0.0299999677415425
locus_02,ENSG00000203362,2593,4.30997107703815e-173,0.784812689152425,1.01718111316653e-173,0.185190885689873,0.0299964251577083
locus_02,ENSG00000124713,1550,4.37028651891633e-173,0.802586386409937,9.11839412766519e-174,0.16742582915361,0.0299877844364308
locus_02,ENSG00000124608,2556,4.28864937511892e-173,0.780210454316982,1.04393199325642e-173,0.189886918145919,0.0299026275370962
locus_02,ENSG00000221821,1360,4.44991153173164e-173,0.818762351708655,8.24461766125081e-174,0.151667435382109,0.0295702129092296
locus_02,ENSG00000112658,2281,4.46906463647512e-173,0.815999773187068,8.46723483815566e-174,0.154572536467113,0.0294276903457934
locus_02,ENSG00000096401,2427,4.13954764401239e-173,0.752067318556741,1.20314428201279e-173,0.218556220764915,0.0293764606783624
locus_02,ENSG00000272170,1980,4.4198498053598e-173,0.807959356748535,8.90609945998773e-174,0.162776412607166,0.0292642306443069
locus_02,ENSG00000171453,2593,4.19519036741258e-173,0.763912001938076,1.1380019200062e-173,0.207192529254633,0.0288954688073093
locus_02,ENSG00000204052,2593,4.22481598454071e-173,0.769306599681434,1.11077055687861e-173,0.202234343220074,0.0284590570984677
locus_02,ENSG00000170734,2593,4.24926531113917e-173,0.773758634605271,1.08802392151105e-173,0.19809266567245,0.0281486997222652
locus_02,ENSG00000112715,2593,4.14915246646161e-173,0.75552885314138,1.18950751705595e-173,0.216572300212987,0.0278988466456457
locus_02,ENSG00000137221,2593,4.15704433348704e-173,0.756965901620815,1.18410051048685e-173,0.215588178698534,0.027445919680665
locus_02,ENSG00000124688,2593,4.02560456047804e-173,0.73303172668717,1.31560920889641e-173,0.23953491698251,0.0274333563303479
locus_02,ENSG00000137207,2593,2.1065716557057e-173,0.38359054769871,3.29806206153221e-173,0.600535942090704,0.0158735102106013
locus_02,ENSG00000146232,2593,2.33443982435511e-173,0.425083594174763,3.07295523784635e-173,0.55954621868474,0.0153701871404956
locus_02,ENSG00000137216,2593,2.16074608074047e-173,0.393455295149415,3.24919193253865e-173,0.591638033120279,0.0149066717303331
locus_02,ENSG00000146221,2578,2.00792790222298e-173,0.365573725027364,3.40518812419637e-173,0.619951663417212,0.0144746115554284
locus_02,ENSG00000112759,2593,1.23751168478177e-173,0.225341389960918,4.19528381360779e-173,0.763918277441182,0.0107403325979235
locus_02,ENSG00000172426,2593,7.68619465807665e-174,0.139959711820144,4.69533080393382e-173,0.854978679309409,0.0050616088704751
locus_02,ENSG00000137225,2593,1.47834392240471e-174,0.0269195094003252,5.33830723070232e-173,0.97206380192919,0.00101668867045859
locus_02,ENSG00000171462,2593,3.23577260999234e-175,0.00589209384040461,5.45757763417356e-173,0.993782719472921,0.000325186686690348
locus_02,ENSG00000287562,2593,6.33213849949839e-176,0.00115303387309319,5.48515889697798e-173,0.99880533952787,4.1626599017957e-05
locus_02,ENSG00000262179,2593,1.2722708831281e-176,0.000231670773485624,5.49035572687764e-173,0.999751667373966,1.66618525702202e-05
locus_02,ENSG00000180992,2593,7.51669610857755e-178,1.36873273186054e-05,5.49164148548162e-173,0.999985810317474,5.02355219912031e-07
locus_03,ENSG00000179195,2952,1.47814177147264e-100,0.0601554524154031,5.53452027490196e-101,0.0216054170887079,0.918239130495877
locus_03,ENSG00000270130,2952,3.95822177737452e-100,0.161086457587382,2.22229738719976e-100,0.0896908875623059,0.749222654850313
locus_03,ENSG00000270048,2952,9.05871103746336e-100,0.368659401470071,4.54575403038334e-100,0.184550275279201,0.446790323250738
locus_03,ENSG00000270061,2952,1.00630452507037e-99,0.409532462592991,3.89539129183279e-100,0.158097095416865,0.432370441990132
locus_03,ENSG00000269997,2952,1.45957728149179e-99,0.593999394360583,4.69560661701971e-100,0.190880447170073,0.215120158469336
locus_03,ENSG00000111358,2952,1.57005926273351e-99,0.638961885060814,4.47496160476412e-100,0.181936948234939,0.17910116670425
locus_03,ENSG00000111361,2952,1.66928875404358e-99,0.679344986722033,4.69557105790556e-100,0.190964429607229,0.129690583670752
locus_03,ENSG00000139697,2489,1.76470713009367e-99,0.719234047275106,3.77664233454625e-100,0.153796007134574,0.126969945590333
locus_03,ENSG00000269938,2952,1.76104977026855e-99,0.716688667495028,4.27836216304074e-100,0.174005800665477,0.109305531839502
locus_03,ENSG00000214650,2952,1.72573012334291e-99,0.702314746258451,4.68635378605436e-100,0.190611934572662,0.107073319168887
locus_03,ENSG00000196917,661,1.59574689038878e-13,0.854195345888867,1.14134166761897e-14,0.0610106558140251,0.0847939982969367
locus_03,ENSG00000139364,1024,1.22127272956003e-07,0.808675905095401,1.63329984983842e-08,0.108067052391406,0.0832569040529214
locus_03,ENSG00000274427,2930,1.78770961951652e-99,0.727579616079977,4.7914633014725e-100,0.19493018841672,0.0774901955032963
locus_03,ENSG00000139726,719,1.63840921793808e-13,0.878416576900737,8.50044331804568e-15,0.0454981842404932,0.0760852388585978
locus_03,ENSG00000274191,334,1.76209619953299e-13,0.902688855459481,4.95720401401174e-15,0.025322838712546,0.0719883058277916
locus_03,ENSG00000184992,1575,2.03558248538185e-99,0.825131686486274,2.56817633155764e-100,0.1040312409749,0.0708370725388356
locus_03,ENSG00000270095,2952,1.32611056950925e-99,0.539682882936196,9.68110706077142e-100,0.393922454284003,0.0663946627797907
locus_03,ENSG00000182782,566,1.70591638639044e-13,0.895741181670466,7.55178494452106e-15,0.0395881800165747,0.0646706383127804
locus_03,ENSG00000255398,603,1.71186714091074e-13,0.898465232715602,7.4662773385334e-15,0.039123986610632,0.0624107806735886
locus_03,ENSG00000086598,2952,1.03143620791997e-99,0.419760221397696,1.27883526614735e-99,0.520383551059595,0.0598562275427068
locus_03,ENSG00000184209,2773,1.83086147776663e-99,0.745656411588616,4.80040426369174e-100,0.195447550567028,0.0588960378443492
locus_03,ENSG00000111328,2204,1.81843405502194e-99,0.74194801692185,5.00998468990301e-100,0.204361101902583,0.0536908811755532
locus_03,ENSG00000130921,2051,1.94124897330923e-99,0.791964703972442,3.79862940268479e-100,0.154918267464683,0.0531170285628722
locus_03,ENSG00000139722,1146,2.49949971706786e-24,0.844441520836288,3.0605708761248e-25,0.103347405562239,0.0522110736014758
locus_03,ENSG00000182196,1353,9.32774713685667e-95,0.841486233101535,1.19528213679951e-95,0.107779532606315,0.0507342342921435
locus_03,ENSG00000196498,2823,1.46578768358569e-99,0.597302529366494,8.73919560521058e-100,0.356072047019545,0.0466254236139588
locus_03,ENSG00000090975,1766,1.9954024835175e-99,0.813776803821208,3.46733232308327e-100,0.141361929542334,0.0448612666364581
locus_03,ENSG00000130787,935,3.64224991072735e-24,0.885413499154304,2.88777241412253e-25,0.070155932960682,0.0444305678850122
locus_03,ENSG00000178882,2952,1.76052913839468e-99,0.716476787643451,5.87941550838816e-100,0.239228355893983,0.0442948564625723
locus_03,ENSG00000119242,2952,1.93852470065989e-105,7.88915059686398e-07,2.36133093578066e-99,0.960944075751051,0.0390551353338918
locus_03,ENSG00000081760,1429,1.81419678754641e-62,0.861426640931984,2.09739520039874e-63,0.0995506201591928,0.0390227389088348
locus_03,ENSG00000150991,1739,2.06448976749517e-99,0.838784792486695,3.07845873913556e-100,0.125039007767745,0.036176199745571
locus_03,ENSG00000130783,772,2.60302554573326e-18,0.911710026745774,1.52824619100841e-19,0.0534920442474848,0.0347979290067399
locus_03,ENSG00000188026,2952,1.90049225746709e-99,0.77343712062209,4.71711853973158e-100,0.191936404539279,0.034626474838627
locus_03,ENSG00000073060,1866,2.07372152420609e-99,0.843003052173278,3.02297201603135e-100,0.122854809266058,0.0341421385606549
locus_03,ENSG00000150967,1358,9.61739823807441e-95,0.870047780753829,1.0645718845502e-95,0.0962739074486596,0.0336783117975137
locus_03,ENSG00000247373,2952,1.84384682086086e-99,0.750384312480954,5.31448629034485e-100,0.216248543916011,0.0333671436030383
locus_03,ENSG00000111325,1345,9.38485362551753e-95,0.846488723171287,1.3373991503277e-95,0.12059691582122,0.0329143610074948
locus_03,ENSG00000256092,2483,1.81468466776724e-99,0.739593474596254,5.61646306224025e-100,0.228873218296627,0.0315333071071214
locus_03,ENSG00000150990,1581,2.06154059052499e-99,0.835829620834356,3.29209245220584e-100,0.133443646691245,0.0307267324744043
locus_03,ENSG00000269980,2166,2.0360808413652e-99,0.83056356783898,3.40211968288115e-100,0.138749493328193,0.0306869388328388
locus_03,ENSG00000051825,2095,2.01884439642145e-99,0.823476221548307,3.58549512024005e-100,0.146220193939155,0.0303035845125457
locus_03,ENSG00000278112,2946,1.60855311358505e-99,0.654623637673755,7.74937308052355e-100,0.315341758395623,0.0300346039306363
locus_03,ENSG00000183955,2563,1.94760244058307e-99,0.793297962870238,4.3595963754002e-100,0.177546043722713,0.0291559934070475
locus_03,ENSG00000150977,2704,1.66778795124287e-99,0.679013277274019,7.21056938142326e-100,0.293539390288802,0.0274473324371771
locus_03,ENSG00000250091,2952,4.33281419508134e-105,1.76331122742933e-06,2.45713864757605e-99,0.999973657546402,2.4579142366631e-05
locus_03,ENSG00000185344,2952,3.83816599531379e-103,0.000156200586675451,2.45680529391805e-99,0.999838012490301,5.78692301964077e-06
locus_03,ENSG00000111364,2952,2.56081326837925e-109,1.04216580360386e-10,2.45720331567873e-99,0.999999999891884,3.90659898727706e-12
locus_03,ENSG00000168778,2952,1.27200817265124e-141,5.17665007367272e-43,2.45720331594433e-99,1,3.67849434190295e-44
